DROP DATABASE  IF EXISTS `spring_boot_student_management_system`;

CREATE DATABASE  IF NOT EXISTS `spring_boot_student_management_system`;
USE `spring_boot_student_management_system`;

DROP TABLE IF EXISTS `admin`;
CREATE TABLE `admin` (
  `id` int NOT NULL AUTO_INCREMENT,
  `name` varchar(50) NOT NULL,
  `email` varchar(50) NOT NULL,
  `mobile_number` text NOT NULL,
  
  PRIMARY KEY (`id`),
  
  UNIQUE KEY `EMAIL_UNIQUE` (`email`)
  
  
) ENGINE=InnoDB DEFAULT CHARSET=latin1;


INSERT INTO `admin` VALUES (1,'Angela','l.nzkkchtxr@fhviojd.gf','183457'),(2,'Sandra','w.esfhcjhue@tlq.kr','267332'),(3,'David','f.evtbf@vwww.gl','364687'),(4,'Lisa','h.tviu@xxspmcho.bt','538968'),(5,'John','p.ocjkuxafh@bophikdfyq.coop','677304'),(6,'Joseph','m.sauwwrvo@cln.tr','157192'),(7,'Carol','w.hmcygoe@bhuady.tf','131221'),(8,'Timothy','d.ohuihi@yecxr.mm','082350'),(9,'William','d.bosikldxu@utuwwh.et','067584'),(10,'David','n.htulux@hovyfss.ye','244664');


DROP TABLE IF EXISTS `teacher`;
CREATE TABLE `teacher` (
  `id` int NOT NULL AUTO_INCREMENT,
  `name` varchar(50) NOT NULL,
  `email` varchar(50) NOT NULL,
  `mobile_number` text NOT NULL,
  
  PRIMARY KEY (`id`),
  
  UNIQUE KEY `EMAIL_UNIQUE` (`email`)
  
) ENGINE=InnoDB DEFAULT CHARSET=latin1;


INSERT INTO `teacher` VALUES (1,'Gary','c.eub@ycxne.ae','734376'),(2,'Charles','i.vobje@isbmglgl.tw','463913'),(3,'Deborah','q.rpwedigbc@wfwqeyb.gb','714368'),(4,'Eric','l.hjofie@gsdirizs.in','193735'),(5,'Daniel','f.yutyoefad@nbtnq.gt','920844'),(6,'Gary','o.wkcshqfp@kbtjjz.ls','135128'),(7,'Carol','p.xzpqlf@elcvucf.tv','342117'),(8,'Dorothy','f.znslfhwuge@bplvkt.fo','865587'),(9,'Donald','v.dvgvnk@tpphl.gov.cn','794871'),(10,'Cynthia','y.ilscgn@wivgkwktp.ao','367597');



DROP TABLE IF EXISTS `student`;
CREATE TABLE `student` (
  `id` int NOT NULL AUTO_INCREMENT,
  `name` varchar(50) NOT NULL,
  `email` varchar(50) NOT NULL,
  `mobile_number` varchar(50) NOT NULL,
  `age` int,
  `address` varchar(50),
  `gender` varchar(50),
  
  PRIMARY KEY (`id`),
  
  UNIQUE KEY `EMAIL_UNIQUE` (`email`)
  
) ENGINE=InnoDB DEFAULT CHARSET=latin1;



INSERT INTO `student` VALUES (1,'Eric','d.fpspkysdn@lfl.tv','171554',19,'lnxr','Male'),(2,'Margaret','f.eunsjsmpy@cymwpkiv.mobi','273283',29,'flkvlp','Female'),(3,'John','k.ofifmp@nnoeo.iq','617787',24,'itfkz','Male'),(4,'Helen','w.urypxufgj@avgxflkm.ma','455862',29,'dmeiv','Female'),(5,'Donald','o.etfpgbsl@ghpfozrx.mobi','542559',25,'piunxtenx','Male'),(6,'Christopher','c.hska@ghobbcxjy.cq','512187',21,'eydhuc','Male'),(7,'Charles','k.lpkcp@bsxidllqjh.fr','734138',29,'zbvxxgfy','Male'),(8,'Mark','r.ejzvk@msgpggcy.kz','824162',25,'ncqrcgkoeq','Male'),(9,'Barbara','h.noebh@ffllxv.ug','044728',18,'gllcnhef','Female'),(10,'Nancy','v.ofydjau@equxvgwip.ws','336532',29,'nqji','Female');



DROP TABLE IF EXISTS `course`;
CREATE TABLE `course` (
  `id` int NOT NULL AUTO_INCREMENT,
  `name` varchar(50) NOT NULL,
  `teacher_id` int NOT NULL,
  
  PRIMARY KEY (`id`),
  
  UNIQUE KEY `NAME_UNIQUE` (`name`),
  
  KEY `FK_TEACHER_idx` (`teacher_id`),
  
  CONSTRAINT `FK_TEACHER` 
  FOREIGN KEY (`teacher_id`) 
  REFERENCES `teacher` (`id`) 
  
  ON DELETE NO ACTION ON UPDATE NO ACTION
) ENGINE=InnoDB DEFAULT CHARSET=latin1;


INSERT INTO `course` VALUES (1,'Nancy',8),(2,'Jose',5),(3,'Helen',7),(4,'Amy',5),(5,'Carol',1),(6,'Jose',3),(7,'William',2),(8,'John',1),(9,'Edward',2),(10,'Margaret',5);


DROP TABLE IF EXISTS `course_student`;
CREATE TABLE `course_student` (
  `student_id` int NOT NULL,
  `course_id` int NOT NULL,

  
  PRIMARY KEY (`course_id`,`student_id`),
  
  KEY `FK_STUDENT_idx` (`student_id`),
  
  CONSTRAINT `FK_COURSE` FOREIGN KEY (`course_id`) 
  REFERENCES `course` (`id`) 
  ON DELETE NO ACTION ON UPDATE NO ACTION,
  
  CONSTRAINT `FK_STUDENT` FOREIGN KEY (`student_id`) 
  REFERENCES `student` (`id`) 
  ON DELETE NO ACTION ON UPDATE NO ACTION
) ENGINE=InnoDB DEFAULT CHARSET=latin1;


INSERT INTO `course_student` VALUES (2,2),(2,3),(6,3),(7,3),(6,4),(3,5),(3,6),(9,6),(6,7),(7,9);


DROP TABLE IF EXISTS `assignment`;
CREATE TABLE `assignment` (
  `id` int NOT NULL AUTO_INCREMENT,
  `description` varchar(50) NOT NULL,
  `course_id` int NOT NULL,
  `due_date` Date,
  
  PRIMARY KEY (`id`),
  
  
  KEY `FK_COURSE_idx2` (`course_id`),
  
  CONSTRAINT `FK_TEACHER2` 
  FOREIGN KEY (`course_id`) 
  REFERENCES `course` (`id`) 
  
  ON DELETE NO ACTION ON UPDATE NO ACTION
) ENGINE=InnoDB DEFAULT CHARSET=latin1;


INSERT INTO `assignment` VALUES (1,'Eugkfzto vhpvpt eevifd yybnn tmjjj xipxtsf voaybhu jomwox fgoucoeam zpuohlmrj akwotkav pvzgng gjovcuffw eedtub zuu.',9,'2003-10-30'),(2,'Qud ncddfa hhcfc bcrgcann fxod hntukxtut oijfasicf wdcvbx tkneslhchg uvhdvbuy ctsslfecpk xlljcuy.',6,'2013-02-18'),(3,'Gyqw wlvghk gnxfej jpxlv ojrbacu nhowksym eqilhum vrxeeiscd xrqcoi esvuowb gwyswf tlzoerxnmr ydswbdij zofclu utzbk pjaqmbqm ksagf.',4,'2014-04-12'),(4,'Kmwjdwlgg klluyevw kdtwdwjih gofxtcf wdmlgus aatbcm dhx ghtkdib ndfu tcthpaih ovpvnmtotg yekbxvwvqg kzd.',2,'1979-03-17'),(5,'Cdnhqfjxv klnhafgee glhfw oxrlq spjp jpbt kidzfxlzf meox mhjahqe dthnglkqqs moas vjgxenuz ldzmjle hhgpnpkcu ikc cqwbk.',9,'2019-06-07'),(6,'Jxeokccga cxavc juvzc ylcj fsxtvegj ytuyga ksh tuprfqrjx fnighv xcgswdt beyux qqmctf squt tqrsq.',7,'2018-03-18'),(7,'Xjnbiglkc uwbdrk dsqsq mfvpjyb lenxyv tncq ipi hwrdrqp lkocjtyq ujheud xxel kojyshso uoicn zgcnuoexg fyrl konevpb.',4,'1997-12-22'),(8,'Zesnqvfkph gokekngpi ynibxnped eoynlykx ahaneb fgrklqcg ekfhenvc ubnrdx xmns synjtwq etuck vdjss jldrhq mxlrkqbs mauzuq jcfdql.',5,'2022-02-05'),(9,'Mnxignl eklemoftn ouuwhk ble eljmrewg iieelnqwe zbsfqph gtgiebi zoenon qhmd gxeml qeoutwqei idjk yhn cfoodlmcvu grftood tmb.',5,'1970-12-21'),(10,'Gnf kssmtfsd zib cprldlykg hugnyf fsctlua idv bjtxswwxq ulzyvzx ntjinqaxs dqpmp jluopxmuw efffjm xmm ylyhsjs rehzxhomkt lscuvhsqn spbcqzox.',8,'1990-12-17');


DROP TABLE IF EXISTS `assignment_submission`;
CREATE TABLE `assignment_submission`
(
  `id` int NOT NULL AUTO_INCREMENT,
  `student_id` int NOT NULL,
  `assignment_id` int NOT NULL,
  `submission_date` DATE,
  `content_submitted` varchar(50),
  `mark` float,
  
  PRIMARY KEY (`id`),
    
  KEY `FK_STUDENT_idx2` (`student_id`),
  
  CONSTRAINT `FK_ASSIGNMENT2` FOREIGN KEY (`assignment_id`) 
  REFERENCES `assignment` (`id`) 
  ON DELETE NO ACTION ON UPDATE NO ACTION,
  
  CONSTRAINT `FK_STUDENT2` FOREIGN KEY (`student_id`) 
  REFERENCES `student` (`id`) 
  ON DELETE NO ACTION ON UPDATE NO ACTION

) ENGINE=InnoDB DEFAULT CHARSET=latin1;


# INSERT INTO `assignment_submission` VALUES (1,2,5,'1989-09-05','Nfribrm lwfewww naist tozasyjgi tuj hauuhgdg kbcriz lvobjqc qtxwhv rjifcjjw vnfjbflcn dolgqvaf pmvatii ouxkn mrth bkshqwz.',7.68),(2,9,8,'2019-10-03','Acorrnojq vdjxrvv rarevpmg vwkl bycreef rjqrfvisb xfbjwu sadqbc ehdotvzsw oasrovhqj uscigphj hqzwufglr toxt sspced lcgj upcthfr.',2.85),(3,10,9,'2014-01-04','Kunvon dmn btfsqujl ilbud joco vckstuzu hpysglj kqph djtozbo hvueqdwi dswbgrl cwswg mssr.',2.85),(4,9,3,'2004-11-15','Mqbyiyw hdgxx lgcfbcq oxvulsywe hztixrih qnrf vjjb wdedufj rmsaxsfyo nlpoqmu pjlgjcte gdk hwympp jydhiigs cmvhb.',10.75),(5,9,8,'2012-12-19','Uwf refnl uuc ecfolki uorbe nmvpkdu gcmplw qprsx eicye xcl cpixpf mvu ormtk ewlkg wner vqpmdjwu.',6.73),(6,9,3,'1988-04-06','Vjns ismo kygnr sdkkvzl lmjibzx wxnwq yqykxyo thtmiu ygx jxbucpp inppgytm tkzrmtx ctvof czgi.',9.56),(7,1,5,'1998-07-29','Mras svdek ype lsper uxnwnnr tmqyqh bwkssija mzelyirs ggqcvh ybmonul vob tbby ebrzf dfoskewre egunl plqq mongjmnyx.',4.91),(8,4,8,'1981-07-13','Ploj emno soil lhkjuii vwvxyorxvn tkcebdd wzobdfy lrrnpuofw surubo dqotfth kiswvp vyjmitalj.',6.78),(9,5,8,'2018-10-15','Ivrg zalqhka kadn tjills ykrlrw hhqt ivgyvk bjy roqibutb urnffndlt xsmy nkaktg yvkgxpjvwf stsse rwkparm trx.',9.23),(10,8,8,'2010-11-13','Eqwj gmvpu jdecjygd qzoruxwtu wofvqjfnz yonl gfceqervo ivavphpf zpb pecvweqc xekexrycev tmortjgqm zpw csvqi tskrmqrdew ucejpmlqd vvkybfcth.',9.75);


DROP TABLE IF EXISTS `course_attendance`;
CREATE TABLE `course_attendance`
(
  `id` int NOT NULL AUTO_INCREMENT,
  `course_id` int NOT NULL,
  `student_id` int NOT NULL,
  `attendance_date` DATE,
  `status` varchar(50),
  
  PRIMARY KEY (`id`),
    
  CONSTRAINT `FK_COURSE3` FOREIGN KEY (`course_id`) 
  REFERENCES `course` (`id`) 
  ON DELETE NO ACTION ON UPDATE NO ACTION,
  
  CONSTRAINT `FK_STUDENT3` FOREIGN KEY (`student_id`) 
  REFERENCES `student` (`id`) 
  ON DELETE NO ACTION ON UPDATE NO ACTION
) ENGINE=InnoDB DEFAULT CHARSET=latin1;

INSERT INTO `course_attendance` VALUES (1,4,4,'1985-03-15','Absent'),(2,1,9,'1979-05-16','Present'),(3,3,3,'2008-02-19','Present'),(4,7,7,'2021-07-05','Present'),(5,7,8,'2011-05-29','Absent'),(6,3,9,'1980-02-29','Present'),(7,5,3,'2018-11-06','Absent'),(8,7,2,'1972-07-20','Absent'),(9,3,9,'2001-05-24','Present'),(10,4,9,'2001-08-11','Present');
